{
	"variables": [],
	"info": {
		"name": "MyAuthn Service",
		"_postman_id": "258d037d-0bec-e260-c271-001352b12bcd",
		"description": "",
		"schema": "https://schema.getpostman.com/json/collection/v2.0.0/collection.json"
	},
	"item": [
		{
			"name": "Local Authn",
			"request": {
				"url": "http://localhost:8181/oauth/token",
				"method": "POST",
				"header": [
					{
						"key": "Authorization",
						"value": "Basic d2VidGVzdDokMmEkMDQkNFZLVnovcktaaUpZU05jQ01BTXNuLmxvU201NE9OMUlOcEc5R1liNlJNbHZsOW1oc0t3cUM=",
						"description": ""
					},
					{
						"key": "Content-Type",
						"value": "application/x-www-form-urlencoded",
						"description": "",
						"disabled": true
					}
				],
				"body": {
					"mode": "formdata",
					"formdata": [
						{
							"key": "username",
							"value": "test",
							"description": "",
							"type": "text"
						},
						{
							"key": "password",
							"value": "$2a$04$bEJ0qZObrkBCAaLPYzFt4eWOJBhlgH1/fV5N.27mcry8IWRjMRa9m",
							"description": "",
							"type": "text"
						},
						{
							"key": "grant_type",
							"value": "password",
							"description": "",
							"type": "text"
						},
						{
							"key": "client_id",
							"value": "web",
							"description": "",
							"type": "text"
						}
					]
				},
				"description": ""
			},
			"response": []
		},
		{
			"name": "test",
			"request": {
				"auth": {
					"type": "basic",
					"basic": {
						"username": "webtest",
						"password": "secret",
						"saveHelperData": true,
						"showPassword": false
					}
				},
				"url": "http://localhost:8181/oauth/token",
				"method": "POST",
				"header": [
					{
						"key": "Authorization",
						"value": "Basic d2VidGVzdDpzZWNyZXQ=",
						"description": ""
					},
					{
						"key": "Content-Type",
						"value": "application/x-www-form-urlencoded",
						"description": "",
						"disabled": true
					}
				],
				"body": {
					"mode": "formdata",
					"formdata": [
						{
							"key": "username",
							"value": "test",
							"description": "",
							"type": "text"
						},
						{
							"key": "password",
							"value": "test",
							"description": "",
							"type": "text"
						},
						{
							"key": "grant_type",
							"value": "client_credentials",
							"description": "",
							"type": "text"
						},
						{
							"key": "client_id",
							"value": "webtest",
							"description": "",
							"type": "text"
						}
					]
				},
				"description": ""
			},
			"response": []
		}
	]
}